"category","profit"
"diy",8.082529979942093
"food-and-drink",84.60379277680556
"health-and-beauty",28.199327276263162
"homeware",1193.5194880847384
"pets",39.13048269303169
"sports-and-leisure",26.498699042391376
"toys-and-games",721.668052383082
