"store_type","rev_sum"
"Local",156551.7000000005
"Mall Kiosk",22305.28
"Outlet",16346.609999999986
"Super Store",43536.780000000006
