"month","month_rev"
"1",59114.27000000004
"2",48212.83000000011
"3",55567.13999999995
"4",51381.47000000004
"5",58131.16000000002
"6",58902.49000000005
"7",64531.010000000046
"8",66048.2900000001
"9",63461.08999999995
"10",65003.3200000001
"11",56056.56000000006
"12",63558.18999999997
