"store_type","total_sales","no_of_orders","total_percent"
"Web Portal",915.2700000000001,"36",0.12012009253212014
"Mall Kiosk",151239.74000000014,"1272",19.848713017288617
"Super Store",178810.77000000034,"1380",23.46713673357549
"Local",291748.36999999994,"1738",38.289074481295366
"Outlet",139248.3000000002,"1145",18.27495567530936
